interface_layers,boundary_layers,reset,trial,full_path,full_file_size_bytes,reduced_path,reduced_file_size_bytes
0,1,False,1,/export/data01/scratch2/mohan227/multiscale_pinn/pinn_history/pinn-history-2d-alloy-neumann-full-IL0-BL1-TRIAL1.json,31406246,/export/data01/scratch2/mohan227/multiscale_pinn/pinn_history/pinn-history-2d-alloy-neumann-reduced-IL0-BL1-TRIAL1.json,31436895
0,1,False,2,/export/data01/scratch2/mohan227/multiscale_pinn/pinn_history/pinn-history-2d-alloy-neumann-full-IL0-BL1-TRIAL2.json,31405383,/export/data01/scratch2/mohan227/multiscale_pinn/pinn_history/pinn-history-2d-alloy-neumann-reduced-IL0-BL1-TRIAL2.json,31439536
0,1,False,3,/export/data01/scratch2/mohan227/multiscale_pinn/pinn_history/pinn-history-2d-alloy-neumann-full-IL0-BL1-TRIAL3.json,31417869,/export/data01/scratch2/mohan227/multiscale_pinn/pinn_history/pinn-history-2d-alloy-neumann-reduced-IL0-BL1-TRIAL3.json,31439782
0,1,False,4,/export/data01/scratch2/mohan227/multiscale_pinn/pinn_history/pinn-history-2d-alloy-neumann-full-IL0-BL1-TRIAL4.json,31411294,/export/data01/scratch2/mohan227/multiscale_pinn/pinn_history/pinn-history-2d-alloy-neumann-reduced-IL0-BL1-TRIAL4.json,31435269
0,1,False,5,/export/data01/scratch2/mohan227/multiscale_pinn/pinn_history/pinn-history-2d-alloy-neumann-full-IL0-BL1-TRIAL5.json,31407468,/export/data01/scratch2/mohan227/multiscale_pinn/pinn_history/pinn-history-2d-alloy-neumann-reduced-IL0-BL1-TRIAL5.json,31414089
0,1,False,6,/export/data01/scratch2/mohan227/multiscale_pinn/pinn_history/pinn-history-2d-alloy-neumann-full-IL0-BL1-TRIAL6.json,31408390,/export/data01/scratch2/mohan227/multiscale_pinn/pinn_history/pinn-history-2d-alloy-neumann-reduced-IL0-BL1-TRIAL6.json,31403587
0,1,False,7,/export/data01/scratch2/mohan227/multiscale_pinn/pinn_history/pinn-history-2d-alloy-neumann-full-IL0-BL1-TRIAL7.json,31412211,/export/data01/scratch2/mohan227/multiscale_pinn/pinn_history/pinn-history-2d-alloy-neumann-reduced-IL0-BL1-TRIAL7.json,31433914
0,1,False,8,/export/data01/scratch2/mohan227/multiscale_pinn/pinn_history/pinn-history-2d-alloy-neumann-full-IL0-BL1-TRIAL8.json,31407365,/export/data01/scratch2/mohan227/multiscale_pinn/pinn_history/pinn-history-2d-alloy-neumann-reduced-IL0-BL1-TRIAL8.json,31385365
0,1,False,9,/export/data01/scratch2/mohan227/multiscale_pinn/pinn_history/pinn-history-2d-alloy-neumann-full-IL0-BL1-TRIAL9.json,31406661,/export/data01/scratch2/mohan227/multiscale_pinn/pinn_history/pinn-history-2d-alloy-neumann-reduced-IL0-BL1-TRIAL9.json,31436063
0,1,False,10,/export/data01/scratch2/mohan227/multiscale_pinn/pinn_history/pinn-history-2d-alloy-neumann-full-IL0-BL1-TRIAL10.json,31411959,/export/data01/scratch2/mohan227/multiscale_pinn/pinn_history/pinn-history-2d-alloy-neumann-reduced-IL0-BL1-TRIAL10.json,31416346
0,1,True,1,/export/data01/scratch2/mohan227/multiscale_pinn/pinn_history/pinn-history-2d-alloy-neumann-full-IL0-BL1-RESET-TRIAL1.json,31411602,/export/data01/scratch2/mohan227/multiscale_pinn/pinn_history/pinn-history-2d-alloy-neumann-reduced-IL0-BL1-RESET-TRIAL1.json,31357317
0,1,True,2,/export/data01/scratch2/mohan227/multiscale_pinn/pinn_history/pinn-history-2d-alloy-neumann-full-IL0-BL1-RESET-TRIAL2.json,31409389,/export/data01/scratch2/mohan227/multiscale_pinn/pinn_history/pinn-history-2d-alloy-neumann-reduced-IL0-BL1-RESET-TRIAL2.json,31213750
0,1,True,3,/export/data01/scratch2/mohan227/multiscale_pinn/pinn_history/pinn-history-2d-alloy-neumann-full-IL0-BL1-RESET-TRIAL3.json,31410612,/export/data01/scratch2/mohan227/multiscale_pinn/pinn_history/pinn-history-2d-alloy-neumann-reduced-IL0-BL1-RESET-TRIAL3.json,31366612
0,1,True,4,/export/data01/scratch2/mohan227/multiscale_pinn/pinn_history/pinn-history-2d-alloy-neumann-full-IL0-BL1-RESET-TRIAL4.json,31413043,/export/data01/scratch2/mohan227/multiscale_pinn/pinn_history/pinn-history-2d-alloy-neumann-reduced-IL0-BL1-RESET-TRIAL4.json,31297666
0,1,True,5,/export/data01/scratch2/mohan227/multiscale_pinn/pinn_history/pinn-history-2d-alloy-neumann-full-IL0-BL1-RESET-TRIAL5.json,31410154,/export/data01/scratch2/mohan227/multiscale_pinn/pinn_history/pinn-history-2d-alloy-neumann-reduced-IL0-BL1-RESET-TRIAL5.json,31384831
0,1,True,6,/export/data01/scratch2/mohan227/multiscale_pinn/pinn_history/pinn-history-2d-alloy-neumann-full-IL0-BL1-RESET-TRIAL6.json,31411501,/export/data01/scratch2/mohan227/multiscale_pinn/pinn_history/pinn-history-2d-alloy-neumann-reduced-IL0-BL1-RESET-TRIAL6.json,31325177
0,1,True,7,/export/data01/scratch2/mohan227/multiscale_pinn/pinn_history/pinn-history-2d-alloy-neumann-full-IL0-BL1-RESET-TRIAL7.json,31413566,/export/data01/scratch2/mohan227/multiscale_pinn/pinn_history/pinn-history-2d-alloy-neumann-reduced-IL0-BL1-RESET-TRIAL7.json,31385540
0,1,True,8,/export/data01/scratch2/mohan227/multiscale_pinn/pinn_history/pinn-history-2d-alloy-neumann-full-IL0-BL1-RESET-TRIAL8.json,31411764,/export/data01/scratch2/mohan227/multiscale_pinn/pinn_history/pinn-history-2d-alloy-neumann-reduced-IL0-BL1-RESET-TRIAL8.json,31235682
0,1,True,9,/export/data01/scratch2/mohan227/multiscale_pinn/pinn_history/pinn-history-2d-alloy-neumann-full-IL0-BL1-RESET-TRIAL9.json,31413449,/export/data01/scratch2/mohan227/multiscale_pinn/pinn_history/pinn-history-2d-alloy-neumann-reduced-IL0-BL1-RESET-TRIAL9.json,31313651
0,1,True,10,/export/data01/scratch2/mohan227/multiscale_pinn/pinn_history/pinn-history-2d-alloy-neumann-full-IL0-BL1-RESET-TRIAL10.json,31412647,/export/data01/scratch2/mohan227/multiscale_pinn/pinn_history/pinn-history-2d-alloy-neumann-reduced-IL0-BL1-RESET-TRIAL10.json,31306797
0,2,False,1,/export/data01/scratch2/mohan227/multiscale_pinn/pinn_history/pinn-history-2d-alloy-neumann-full-IL0-BL2-TRIAL1.json,31410868,/export/data01/scratch2/mohan227/multiscale_pinn/pinn_history/pinn-history-2d-alloy-neumann-reduced-IL0-BL2-TRIAL1.json,31445071
0,2,False,2,/export/data01/scratch2/mohan227/multiscale_pinn/pinn_history/pinn-history-2d-alloy-neumann-full-IL0-BL2-TRIAL2.json,31407734,/export/data01/scratch2/mohan227/multiscale_pinn/pinn_history/pinn-history-2d-alloy-neumann-reduced-IL0-BL2-TRIAL2.json,31394218
0,2,False,3,/export/data01/scratch2/mohan227/multiscale_pinn/pinn_history/pinn-history-2d-alloy-neumann-full-IL0-BL2-TRIAL3.json,31407856,/export/data01/scratch2/mohan227/multiscale_pinn/pinn_history/pinn-history-2d-alloy-neumann-reduced-IL0-BL2-TRIAL3.json,31418357
0,2,False,4,/export/data01/scratch2/mohan227/multiscale_pinn/pinn_history/pinn-history-2d-alloy-neumann-full-IL0-BL2-TRIAL4.json,31410082,/export/data01/scratch2/mohan227/multiscale_pinn/pinn_history/pinn-history-2d-alloy-neumann-reduced-IL0-BL2-TRIAL4.json,31404207
0,2,False,5,/export/data01/scratch2/mohan227/multiscale_pinn/pinn_history/pinn-history-2d-alloy-neumann-full-IL0-BL2-TRIAL5.json,31406532,/export/data01/scratch2/mohan227/multiscale_pinn/pinn_history/pinn-history-2d-alloy-neumann-reduced-IL0-BL2-TRIAL5.json,31430477
0,2,False,6,/export/data01/scratch2/mohan227/multiscale_pinn/pinn_history/pinn-history-2d-alloy-neumann-full-IL0-BL2-TRIAL6.json,31410839,/export/data01/scratch2/mohan227/multiscale_pinn/pinn_history/pinn-history-2d-alloy-neumann-reduced-IL0-BL2-TRIAL6.json,31439819
0,2,False,7,/export/data01/scratch2/mohan227/multiscale_pinn/pinn_history/pinn-history-2d-alloy-neumann-full-IL0-BL2-TRIAL7.json,31406279,/export/data01/scratch2/mohan227/multiscale_pinn/pinn_history/pinn-history-2d-alloy-neumann-reduced-IL0-BL2-TRIAL7.json,31411723
0,2,False,8,/export/data01/scratch2/mohan227/multiscale_pinn/pinn_history/pinn-history-2d-alloy-neumann-full-IL0-BL2-TRIAL8.json,31411304,/export/data01/scratch2/mohan227/multiscale_pinn/pinn_history/pinn-history-2d-alloy-neumann-reduced-IL0-BL2-TRIAL8.json,31324756
0,2,False,9,/export/data01/scratch2/mohan227/multiscale_pinn/pinn_history/pinn-history-2d-alloy-neumann-full-IL0-BL2-TRIAL9.json,31407337,/export/data01/scratch2/mohan227/multiscale_pinn/pinn_history/pinn-history-2d-alloy-neumann-reduced-IL0-BL2-TRIAL9.json,31431667
0,2,False,10,/export/data01/scratch2/mohan227/multiscale_pinn/pinn_history/pinn-history-2d-alloy-neumann-full-IL0-BL2-TRIAL10.json,31408468,/export/data01/scratch2/mohan227/multiscale_pinn/pinn_history/pinn-history-2d-alloy-neumann-reduced-IL0-BL2-TRIAL10.json,31423775
0,2,True,1,/export/data01/scratch2/mohan227/multiscale_pinn/pinn_history/pinn-history-2d-alloy-neumann-full-IL0-BL2-RESET-TRIAL1.json,31408817,/export/data01/scratch2/mohan227/multiscale_pinn/pinn_history/pinn-history-2d-alloy-neumann-reduced-IL0-BL2-RESET-TRIAL1.json,31172704
0,2,True,2,/export/data01/scratch2/mohan227/multiscale_pinn/pinn_history/pinn-history-2d-alloy-neumann-full-IL0-BL2-RESET-TRIAL2.json,31413306,/export/data01/scratch2/mohan227/multiscale_pinn/pinn_history/pinn-history-2d-alloy-neumann-reduced-IL0-BL2-RESET-TRIAL2.json,31336343
0,2,True,3,/export/data01/scratch2/mohan227/multiscale_pinn/pinn_history/pinn-history-2d-alloy-neumann-full-IL0-BL2-RESET-TRIAL3.json,31411276,/export/data01/scratch2/mohan227/multiscale_pinn/pinn_history/pinn-history-2d-alloy-neumann-reduced-IL0-BL2-RESET-TRIAL3.json,31345345
0,2,True,4,/export/data01/scratch2/mohan227/multiscale_pinn/pinn_history/pinn-history-2d-alloy-neumann-full-IL0-BL2-RESET-TRIAL4.json,31410330,/export/data01/scratch2/mohan227/multiscale_pinn/pinn_history/pinn-history-2d-alloy-neumann-reduced-IL0-BL2-RESET-TRIAL4.json,31341647
0,2,True,5,/export/data01/scratch2/mohan227/multiscale_pinn/pinn_history/pinn-history-2d-alloy-neumann-full-IL0-BL2-RESET-TRIAL5.json,31409700,/export/data01/scratch2/mohan227/multiscale_pinn/pinn_history/pinn-history-2d-alloy-neumann-reduced-IL0-BL2-RESET-TRIAL5.json,31376480
0,2,True,6,/export/data01/scratch2/mohan227/multiscale_pinn/pinn_history/pinn-history-2d-alloy-neumann-full-IL0-BL2-RESET-TRIAL6.json,31408735,/export/data01/scratch2/mohan227/multiscale_pinn/pinn_history/pinn-history-2d-alloy-neumann-reduced-IL0-BL2-RESET-TRIAL6.json,31334948
0,2,True,7,/export/data01/scratch2/mohan227/multiscale_pinn/pinn_history/pinn-history-2d-alloy-neumann-full-IL0-BL2-RESET-TRIAL7.json,31414429,/export/data01/scratch2/mohan227/multiscale_pinn/pinn_history/pinn-history-2d-alloy-neumann-reduced-IL0-BL2-RESET-TRIAL7.json,31305905
0,2,True,8,/export/data01/scratch2/mohan227/multiscale_pinn/pinn_history/pinn-history-2d-alloy-neumann-full-IL0-BL2-RESET-TRIAL8.json,31410643,/export/data01/scratch2/mohan227/multiscale_pinn/pinn_history/pinn-history-2d-alloy-neumann-reduced-IL0-BL2-RESET-TRIAL8.json,31350551
0,2,True,9,/export/data01/scratch2/mohan227/multiscale_pinn/pinn_history/pinn-history-2d-alloy-neumann-full-IL0-BL2-RESET-TRIAL9.json,31408983,/export/data01/scratch2/mohan227/multiscale_pinn/pinn_history/pinn-history-2d-alloy-neumann-reduced-IL0-BL2-RESET-TRIAL9.json,31286303
0,2,True,10,/export/data01/scratch2/mohan227/multiscale_pinn/pinn_history/pinn-history-2d-alloy-neumann-full-IL0-BL2-RESET-TRIAL10.json,31413614,/export/data01/scratch2/mohan227/multiscale_pinn/pinn_history/pinn-history-2d-alloy-neumann-reduced-IL0-BL2-RESET-TRIAL10.json,31391821
0,3,False,1,/export/data01/scratch2/mohan227/multiscale_pinn/pinn_history/pinn-history-2d-alloy-neumann-full-IL0-BL3-TRIAL1.json,31405535,/export/data01/scratch2/mohan227/multiscale_pinn/pinn_history/pinn-history-2d-alloy-neumann-reduced-IL0-BL3-TRIAL1.json,31449021
0,3,False,2,/export/data01/scratch2/mohan227/multiscale_pinn/pinn_history/pinn-history-2d-alloy-neumann-full-IL0-BL3-TRIAL2.json,31412781,/export/data01/scratch2/mohan227/multiscale_pinn/pinn_history/pinn-history-2d-alloy-neumann-reduced-IL0-BL3-TRIAL2.json,31445572
0,3,False,3,/export/data01/scratch2/mohan227/multiscale_pinn/pinn_history/pinn-history-2d-alloy-neumann-full-IL0-BL3-TRIAL3.json,31411406,/export/data01/scratch2/mohan227/multiscale_pinn/pinn_history/pinn-history-2d-alloy-neumann-reduced-IL0-BL3-TRIAL3.json,31443428
0,3,False,4,/export/data01/scratch2/mohan227/multiscale_pinn/pinn_history/pinn-history-2d-alloy-neumann-full-IL0-BL3-TRIAL4.json,31410221,/export/data01/scratch2/mohan227/multiscale_pinn/pinn_history/pinn-history-2d-alloy-neumann-reduced-IL0-BL3-TRIAL4.json,31448987
0,3,False,5,/export/data01/scratch2/mohan227/multiscale_pinn/pinn_history/pinn-history-2d-alloy-neumann-full-IL0-BL3-TRIAL5.json,31408595,/export/data01/scratch2/mohan227/multiscale_pinn/pinn_history/pinn-history-2d-alloy-neumann-reduced-IL0-BL3-TRIAL5.json,31408649
0,3,False,6,/export/data01/scratch2/mohan227/multiscale_pinn/pinn_history/pinn-history-2d-alloy-neumann-full-IL0-BL3-TRIAL6.json,31408612,/export/data01/scratch2/mohan227/multiscale_pinn/pinn_history/pinn-history-2d-alloy-neumann-reduced-IL0-BL3-TRIAL6.json,31423427
0,3,False,7,/export/data01/scratch2/mohan227/multiscale_pinn/pinn_history/pinn-history-2d-alloy-neumann-full-IL0-BL3-TRIAL7.json,31408110,/export/data01/scratch2/mohan227/multiscale_pinn/pinn_history/pinn-history-2d-alloy-neumann-reduced-IL0-BL3-TRIAL7.json,31447974
0,3,False,8,/export/data01/scratch2/mohan227/multiscale_pinn/pinn_history/pinn-history-2d-alloy-neumann-full-IL0-BL3-TRIAL8.json,31409349,/export/data01/scratch2/mohan227/multiscale_pinn/pinn_history/pinn-history-2d-alloy-neumann-reduced-IL0-BL3-TRIAL8.json,31447551
0,3,False,9,/export/data01/scratch2/mohan227/multiscale_pinn/pinn_history/pinn-history-2d-alloy-neumann-full-IL0-BL3-TRIAL9.json,31407318,/export/data01/scratch2/mohan227/multiscale_pinn/pinn_history/pinn-history-2d-alloy-neumann-reduced-IL0-BL3-TRIAL9.json,31445096
0,3,False,10,/export/data01/scratch2/mohan227/multiscale_pinn/pinn_history/pinn-history-2d-alloy-neumann-full-IL0-BL3-TRIAL10.json,31410134,/export/data01/scratch2/mohan227/multiscale_pinn/pinn_history/pinn-history-2d-alloy-neumann-reduced-IL0-BL3-TRIAL10.json,31445047
0,3,True,1,/export/data01/scratch2/mohan227/multiscale_pinn/pinn_history/pinn-history-2d-alloy-neumann-full-IL0-BL3-RESET-TRIAL1.json,31412914,/export/data01/scratch2/mohan227/multiscale_pinn/pinn_history/pinn-history-2d-alloy-neumann-reduced-IL0-BL3-RESET-TRIAL1.json,31272184
0,3,True,2,/export/data01/scratch2/mohan227/multiscale_pinn/pinn_history/pinn-history-2d-alloy-neumann-full-IL0-BL3-RESET-TRIAL2.json,31411282,/export/data01/scratch2/mohan227/multiscale_pinn/pinn_history/pinn-history-2d-alloy-neumann-reduced-IL0-BL3-RESET-TRIAL2.json,31359985
0,3,True,3,/export/data01/scratch2/mohan227/multiscale_pinn/pinn_history/pinn-history-2d-alloy-neumann-full-IL0-BL3-RESET-TRIAL3.json,31410979,/export/data01/scratch2/mohan227/multiscale_pinn/pinn_history/pinn-history-2d-alloy-neumann-reduced-IL0-BL3-RESET-TRIAL3.json,31280929
0,3,True,4,/export/data01/scratch2/mohan227/multiscale_pinn/pinn_history/pinn-history-2d-alloy-neumann-full-IL0-BL3-RESET-TRIAL4.json,31411802,/export/data01/scratch2/mohan227/multiscale_pinn/pinn_history/pinn-history-2d-alloy-neumann-reduced-IL0-BL3-RESET-TRIAL4.json,31381684
0,3,True,5,/export/data01/scratch2/mohan227/multiscale_pinn/pinn_history/pinn-history-2d-alloy-neumann-full-IL0-BL3-RESET-TRIAL5.json,31410470,/export/data01/scratch2/mohan227/multiscale_pinn/pinn_history/pinn-history-2d-alloy-neumann-reduced-IL0-BL3-RESET-TRIAL5.json,31188763
0,3,True,6,/export/data01/scratch2/mohan227/multiscale_pinn/pinn_history/pinn-history-2d-alloy-neumann-full-IL0-BL3-RESET-TRIAL6.json,31411609,/export/data01/scratch2/mohan227/multiscale_pinn/pinn_history/pinn-history-2d-alloy-neumann-reduced-IL0-BL3-RESET-TRIAL6.json,31334598
0,3,True,7,/export/data01/scratch2/mohan227/multiscale_pinn/pinn_history/pinn-history-2d-alloy-neumann-full-IL0-BL3-RESET-TRIAL7.json,31410962,/export/data01/scratch2/mohan227/multiscale_pinn/pinn_history/pinn-history-2d-alloy-neumann-reduced-IL0-BL3-RESET-TRIAL7.json,31348354
0,3,True,8,/export/data01/scratch2/mohan227/multiscale_pinn/pinn_history/pinn-history-2d-alloy-neumann-full-IL0-BL3-RESET-TRIAL8.json,31411876,/export/data01/scratch2/mohan227/multiscale_pinn/pinn_history/pinn-history-2d-alloy-neumann-reduced-IL0-BL3-RESET-TRIAL8.json,31251648
0,3,True,9,/export/data01/scratch2/mohan227/multiscale_pinn/pinn_history/pinn-history-2d-alloy-neumann-full-IL0-BL3-RESET-TRIAL9.json,31410781,/export/data01/scratch2/mohan227/multiscale_pinn/pinn_history/pinn-history-2d-alloy-neumann-reduced-IL0-BL3-RESET-TRIAL9.json,31315215
0,3,True,10,/export/data01/scratch2/mohan227/multiscale_pinn/pinn_history/pinn-history-2d-alloy-neumann-full-IL0-BL3-RESET-TRIAL10.json,31408997,/export/data01/scratch2/mohan227/multiscale_pinn/pinn_history/pinn-history-2d-alloy-neumann-reduced-IL0-BL3-RESET-TRIAL10.json,31358091
1,1,False,1,/export/data01/scratch2/mohan227/multiscale_pinn/pinn_history/pinn-history-2d-alloy-neumann-full-IL1-BL1-TRIAL1.json,31408823,/export/data01/scratch2/mohan227/multiscale_pinn/pinn_history/pinn-history-2d-alloy-neumann-reduced-IL1-BL1-TRIAL1.json,31437730
1,1,False,2,/export/data01/scratch2/mohan227/multiscale_pinn/pinn_history/pinn-history-2d-alloy-neumann-full-IL1-BL1-TRIAL2.json,31415736,/export/data01/scratch2/mohan227/multiscale_pinn/pinn_history/pinn-history-2d-alloy-neumann-reduced-IL1-BL1-TRIAL2.json,31439811
1,1,False,3,/export/data01/scratch2/mohan227/multiscale_pinn/pinn_history/pinn-history-2d-alloy-neumann-full-IL1-BL1-TRIAL3.json,31408612,/export/data01/scratch2/mohan227/multiscale_pinn/pinn_history/pinn-history-2d-alloy-neumann-reduced-IL1-BL1-TRIAL3.json,31436855
1,1,False,4,/export/data01/scratch2/mohan227/multiscale_pinn/pinn_history/pinn-history-2d-alloy-neumann-full-IL1-BL1-TRIAL4.json,31404373,/export/data01/scratch2/mohan227/multiscale_pinn/pinn_history/pinn-history-2d-alloy-neumann-reduced-IL1-BL1-TRIAL4.json,31440660
1,1,False,5,/export/data01/scratch2/mohan227/multiscale_pinn/pinn_history/pinn-history-2d-alloy-neumann-full-IL1-BL1-TRIAL5.json,31409114,/export/data01/scratch2/mohan227/multiscale_pinn/pinn_history/pinn-history-2d-alloy-neumann-reduced-IL1-BL1-TRIAL5.json,31442355
1,1,False,6,/export/data01/scratch2/mohan227/multiscale_pinn/pinn_history/pinn-history-2d-alloy-neumann-full-IL1-BL1-TRIAL6.json,31405022,/export/data01/scratch2/mohan227/multiscale_pinn/pinn_history/pinn-history-2d-alloy-neumann-reduced-IL1-BL1-TRIAL6.json,31441270
1,1,False,7,/export/data01/scratch2/mohan227/multiscale_pinn/pinn_history/pinn-history-2d-alloy-neumann-full-IL1-BL1-TRIAL7.json,31411175,/export/data01/scratch2/mohan227/multiscale_pinn/pinn_history/pinn-history-2d-alloy-neumann-reduced-IL1-BL1-TRIAL7.json,31441417
1,1,False,8,/export/data01/scratch2/mohan227/multiscale_pinn/pinn_history/pinn-history-2d-alloy-neumann-full-IL1-BL1-TRIAL8.json,31407973,/export/data01/scratch2/mohan227/multiscale_pinn/pinn_history/pinn-history-2d-alloy-neumann-reduced-IL1-BL1-TRIAL8.json,31444037
1,1,False,9,/export/data01/scratch2/mohan227/multiscale_pinn/pinn_history/pinn-history-2d-alloy-neumann-full-IL1-BL1-TRIAL9.json,31406513,/export/data01/scratch2/mohan227/multiscale_pinn/pinn_history/pinn-history-2d-alloy-neumann-reduced-IL1-BL1-TRIAL9.json,31450265
1,1,False,10,/export/data01/scratch2/mohan227/multiscale_pinn/pinn_history/pinn-history-2d-alloy-neumann-full-IL1-BL1-TRIAL10.json,31406932,/export/data01/scratch2/mohan227/multiscale_pinn/pinn_history/pinn-history-2d-alloy-neumann-reduced-IL1-BL1-TRIAL10.json,31445606
1,1,True,1,/export/data01/scratch2/mohan227/multiscale_pinn/pinn_history/pinn-history-2d-alloy-neumann-full-IL1-BL1-RESET-TRIAL1.json,31408899,/export/data01/scratch2/mohan227/multiscale_pinn/pinn_history/pinn-history-2d-alloy-neumann-reduced-IL1-BL1-RESET-TRIAL1.json,31440831
1,1,True,2,/export/data01/scratch2/mohan227/multiscale_pinn/pinn_history/pinn-history-2d-alloy-neumann-full-IL1-BL1-RESET-TRIAL2.json,31411741,/export/data01/scratch2/mohan227/multiscale_pinn/pinn_history/pinn-history-2d-alloy-neumann-reduced-IL1-BL1-RESET-TRIAL2.json,31146846
1,1,True,3,/export/data01/scratch2/mohan227/multiscale_pinn/pinn_history/pinn-history-2d-alloy-neumann-full-IL1-BL1-RESET-TRIAL3.json,31411198,/export/data01/scratch2/mohan227/multiscale_pinn/pinn_history/pinn-history-2d-alloy-neumann-reduced-IL1-BL1-RESET-TRIAL3.json,31354867
1,1,True,4,/export/data01/scratch2/mohan227/multiscale_pinn/pinn_history/pinn-history-2d-alloy-neumann-full-IL1-BL1-RESET-TRIAL4.json,31409909,/export/data01/scratch2/mohan227/multiscale_pinn/pinn_history/pinn-history-2d-alloy-neumann-reduced-IL1-BL1-RESET-TRIAL4.json,31407512
1,1,True,5,/export/data01/scratch2/mohan227/multiscale_pinn/pinn_history/pinn-history-2d-alloy-neumann-full-IL1-BL1-RESET-TRIAL5.json,31410692,/export/data01/scratch2/mohan227/multiscale_pinn/pinn_history/pinn-history-2d-alloy-neumann-reduced-IL1-BL1-RESET-TRIAL5.json,31393277
1,1,True,6,/export/data01/scratch2/mohan227/multiscale_pinn/pinn_history/pinn-history-2d-alloy-neumann-full-IL1-BL1-RESET-TRIAL6.json,31411968,/export/data01/scratch2/mohan227/multiscale_pinn/pinn_history/pinn-history-2d-alloy-neumann-reduced-IL1-BL1-RESET-TRIAL6.json,31356748
1,1,True,7,/export/data01/scratch2/mohan227/multiscale_pinn/pinn_history/pinn-history-2d-alloy-neumann-full-IL1-BL1-RESET-TRIAL7.json,31413236,/export/data01/scratch2/mohan227/multiscale_pinn/pinn_history/pinn-history-2d-alloy-neumann-reduced-IL1-BL1-RESET-TRIAL7.json,31398388
1,1,True,8,/export/data01/scratch2/mohan227/multiscale_pinn/pinn_history/pinn-history-2d-alloy-neumann-full-IL1-BL1-RESET-TRIAL8.json,31408522,/export/data01/scratch2/mohan227/multiscale_pinn/pinn_history/pinn-history-2d-alloy-neumann-reduced-IL1-BL1-RESET-TRIAL8.json,31395107
1,1,True,9,/export/data01/scratch2/mohan227/multiscale_pinn/pinn_history/pinn-history-2d-alloy-neumann-full-IL1-BL1-RESET-TRIAL9.json,31411878,/export/data01/scratch2/mohan227/multiscale_pinn/pinn_history/pinn-history-2d-alloy-neumann-reduced-IL1-BL1-RESET-TRIAL9.json,31424309
1,1,True,10,/export/data01/scratch2/mohan227/multiscale_pinn/pinn_history/pinn-history-2d-alloy-neumann-full-IL1-BL1-RESET-TRIAL10.json,31412046,/export/data01/scratch2/mohan227/multiscale_pinn/pinn_history/pinn-history-2d-alloy-neumann-reduced-IL1-BL1-RESET-TRIAL10.json,31400751
1,2,False,1,/export/data01/scratch2/mohan227/multiscale_pinn/pinn_history/pinn-history-2d-alloy-neumann-full-IL1-BL2-TRIAL1.json,31407378,/export/data01/scratch2/mohan227/multiscale_pinn/pinn_history/pinn-history-2d-alloy-neumann-reduced-IL1-BL2-TRIAL1.json,31446299
1,2,False,2,/export/data01/scratch2/mohan227/multiscale_pinn/pinn_history/pinn-history-2d-alloy-neumann-full-IL1-BL2-TRIAL2.json,31410023,/export/data01/scratch2/mohan227/multiscale_pinn/pinn_history/pinn-history-2d-alloy-neumann-reduced-IL1-BL2-TRIAL2.json,31445714
1,2,False,3,/export/data01/scratch2/mohan227/multiscale_pinn/pinn_history/pinn-history-2d-alloy-neumann-full-IL1-BL2-TRIAL3.json,31411865,/export/data01/scratch2/mohan227/multiscale_pinn/pinn_history/pinn-history-2d-alloy-neumann-reduced-IL1-BL2-TRIAL3.json,31422529
1,2,False,4,/export/data01/scratch2/mohan227/multiscale_pinn/pinn_history/pinn-history-2d-alloy-neumann-full-IL1-BL2-TRIAL4.json,31415105,/export/data01/scratch2/mohan227/multiscale_pinn/pinn_history/pinn-history-2d-alloy-neumann-reduced-IL1-BL2-TRIAL4.json,31442585
1,2,False,5,/export/data01/scratch2/mohan227/multiscale_pinn/pinn_history/pinn-history-2d-alloy-neumann-full-IL1-BL2-TRIAL5.json,31403590,/export/data01/scratch2/mohan227/multiscale_pinn/pinn_history/pinn-history-2d-alloy-neumann-reduced-IL1-BL2-TRIAL5.json,31445658
1,2,False,6,/export/data01/scratch2/mohan227/multiscale_pinn/pinn_history/pinn-history-2d-alloy-neumann-full-IL1-BL2-TRIAL6.json,31414075,/export/data01/scratch2/mohan227/multiscale_pinn/pinn_history/pinn-history-2d-alloy-neumann-reduced-IL1-BL2-TRIAL6.json,31442532
1,2,False,7,/export/data01/scratch2/mohan227/multiscale_pinn/pinn_history/pinn-history-2d-alloy-neumann-full-IL1-BL2-TRIAL7.json,31410371,/export/data01/scratch2/mohan227/multiscale_pinn/pinn_history/pinn-history-2d-alloy-neumann-reduced-IL1-BL2-TRIAL7.json,31445277
1,2,False,8,/export/data01/scratch2/mohan227/multiscale_pinn/pinn_history/pinn-history-2d-alloy-neumann-full-IL1-BL2-TRIAL8.json,31406019,/export/data01/scratch2/mohan227/multiscale_pinn/pinn_history/pinn-history-2d-alloy-neumann-reduced-IL1-BL2-TRIAL8.json,31443923
1,2,False,9,/export/data01/scratch2/mohan227/multiscale_pinn/pinn_history/pinn-history-2d-alloy-neumann-full-IL1-BL2-TRIAL9.json,31411003,/export/data01/scratch2/mohan227/multiscale_pinn/pinn_history/pinn-history-2d-alloy-neumann-reduced-IL1-BL2-TRIAL9.json,31443376
1,2,False,10,/export/data01/scratch2/mohan227/multiscale_pinn/pinn_history/pinn-history-2d-alloy-neumann-full-IL1-BL2-TRIAL10.json,31419984,/export/data01/scratch2/mohan227/multiscale_pinn/pinn_history/pinn-history-2d-alloy-neumann-reduced-IL1-BL2-TRIAL10.json,31444265
1,2,True,1,/export/data01/scratch2/mohan227/multiscale_pinn/pinn_history/pinn-history-2d-alloy-neumann-full-IL1-BL2-RESET-TRIAL1.json,31410836,/export/data01/scratch2/mohan227/multiscale_pinn/pinn_history/pinn-history-2d-alloy-neumann-reduced-IL1-BL2-RESET-TRIAL1.json,31382718
1,2,True,2,/export/data01/scratch2/mohan227/multiscale_pinn/pinn_history/pinn-history-2d-alloy-neumann-full-IL1-BL2-RESET-TRIAL2.json,31412759,/export/data01/scratch2/mohan227/multiscale_pinn/pinn_history/pinn-history-2d-alloy-neumann-reduced-IL1-BL2-RESET-TRIAL2.json,31397508
1,2,True,3,/export/data01/scratch2/mohan227/multiscale_pinn/pinn_history/pinn-history-2d-alloy-neumann-full-IL1-BL2-RESET-TRIAL3.json,31413277,/export/data01/scratch2/mohan227/multiscale_pinn/pinn_history/pinn-history-2d-alloy-neumann-reduced-IL1-BL2-RESET-TRIAL3.json,31332890
1,2,True,4,/export/data01/scratch2/mohan227/multiscale_pinn/pinn_history/pinn-history-2d-alloy-neumann-full-IL1-BL2-RESET-TRIAL4.json,31409156,/export/data01/scratch2/mohan227/multiscale_pinn/pinn_history/pinn-history-2d-alloy-neumann-reduced-IL1-BL2-RESET-TRIAL4.json,31397306
1,2,True,5,/export/data01/scratch2/mohan227/multiscale_pinn/pinn_history/pinn-history-2d-alloy-neumann-full-IL1-BL2-RESET-TRIAL5.json,31410718,/export/data01/scratch2/mohan227/multiscale_pinn/pinn_history/pinn-history-2d-alloy-neumann-reduced-IL1-BL2-RESET-TRIAL5.json,31351690
1,2,True,6,/export/data01/scratch2/mohan227/multiscale_pinn/pinn_history/pinn-history-2d-alloy-neumann-full-IL1-BL2-RESET-TRIAL6.json,31410875,/export/data01/scratch2/mohan227/multiscale_pinn/pinn_history/pinn-history-2d-alloy-neumann-reduced-IL1-BL2-RESET-TRIAL6.json,31387497
1,2,True,7,/export/data01/scratch2/mohan227/multiscale_pinn/pinn_history/pinn-history-2d-alloy-neumann-full-IL1-BL2-RESET-TRIAL7.json,31409337,/export/data01/scratch2/mohan227/multiscale_pinn/pinn_history/pinn-history-2d-alloy-neumann-reduced-IL1-BL2-RESET-TRIAL7.json,31414028
1,2,True,8,/export/data01/scratch2/mohan227/multiscale_pinn/pinn_history/pinn-history-2d-alloy-neumann-full-IL1-BL2-RESET-TRIAL8.json,31411506,/export/data01/scratch2/mohan227/multiscale_pinn/pinn_history/pinn-history-2d-alloy-neumann-reduced-IL1-BL2-RESET-TRIAL8.json,31372804
1,2,True,9,/export/data01/scratch2/mohan227/multiscale_pinn/pinn_history/pinn-history-2d-alloy-neumann-full-IL1-BL2-RESET-TRIAL9.json,31411566,/export/data01/scratch2/mohan227/multiscale_pinn/pinn_history/pinn-history-2d-alloy-neumann-reduced-IL1-BL2-RESET-TRIAL9.json,31449539
1,2,True,10,/export/data01/scratch2/mohan227/multiscale_pinn/pinn_history/pinn-history-2d-alloy-neumann-full-IL1-BL2-RESET-TRIAL10.json,31410760,/export/data01/scratch2/mohan227/multiscale_pinn/pinn_history/pinn-history-2d-alloy-neumann-reduced-IL1-BL2-RESET-TRIAL10.json,31383163
1,3,False,1,/export/data01/scratch2/mohan227/multiscale_pinn/pinn_history/pinn-history-2d-alloy-neumann-full-IL1-BL3-TRIAL1.json,31407903,/export/data01/scratch2/mohan227/multiscale_pinn/pinn_history/pinn-history-2d-alloy-neumann-reduced-IL1-BL3-TRIAL1.json,31443911
1,3,False,2,/export/data01/scratch2/mohan227/multiscale_pinn/pinn_history/pinn-history-2d-alloy-neumann-full-IL1-BL3-TRIAL2.json,31412969,/export/data01/scratch2/mohan227/multiscale_pinn/pinn_history/pinn-history-2d-alloy-neumann-reduced-IL1-BL3-TRIAL2.json,31440990
1,3,False,3,/export/data01/scratch2/mohan227/multiscale_pinn/pinn_history/pinn-history-2d-alloy-neumann-full-IL1-BL3-TRIAL3.json,31407928,/export/data01/scratch2/mohan227/multiscale_pinn/pinn_history/pinn-history-2d-alloy-neumann-reduced-IL1-BL3-TRIAL3.json,31446953
1,3,False,4,/export/data01/scratch2/mohan227/multiscale_pinn/pinn_history/pinn-history-2d-alloy-neumann-full-IL1-BL3-TRIAL4.json,31411019,/export/data01/scratch2/mohan227/multiscale_pinn/pinn_history/pinn-history-2d-alloy-neumann-reduced-IL1-BL3-TRIAL4.json,31441540
1,3,False,5,/export/data01/scratch2/mohan227/multiscale_pinn/pinn_history/pinn-history-2d-alloy-neumann-full-IL1-BL3-TRIAL5.json,31414379,/export/data01/scratch2/mohan227/multiscale_pinn/pinn_history/pinn-history-2d-alloy-neumann-reduced-IL1-BL3-TRIAL5.json,31442353
1,3,False,6,/export/data01/scratch2/mohan227/multiscale_pinn/pinn_history/pinn-history-2d-alloy-neumann-full-IL1-BL3-TRIAL6.json,31407318,/export/data01/scratch2/mohan227/multiscale_pinn/pinn_history/pinn-history-2d-alloy-neumann-reduced-IL1-BL3-TRIAL6.json,31446178
1,3,False,7,/export/data01/scratch2/mohan227/multiscale_pinn/pinn_history/pinn-history-2d-alloy-neumann-full-IL1-BL3-TRIAL7.json,31408495,/export/data01/scratch2/mohan227/multiscale_pinn/pinn_history/pinn-history-2d-alloy-neumann-reduced-IL1-BL3-TRIAL7.json,31447548
1,3,False,8,/export/data01/scratch2/mohan227/multiscale_pinn/pinn_history/pinn-history-2d-alloy-neumann-full-IL1-BL3-TRIAL8.json,31405385,/export/data01/scratch2/mohan227/multiscale_pinn/pinn_history/pinn-history-2d-alloy-neumann-reduced-IL1-BL3-TRIAL8.json,31449601
1,3,False,9,/export/data01/scratch2/mohan227/multiscale_pinn/pinn_history/pinn-history-2d-alloy-neumann-full-IL1-BL3-TRIAL9.json,31406800,/export/data01/scratch2/mohan227/multiscale_pinn/pinn_history/pinn-history-2d-alloy-neumann-reduced-IL1-BL3-TRIAL9.json,31448496
1,3,False,10,/export/data01/scratch2/mohan227/multiscale_pinn/pinn_history/pinn-history-2d-alloy-neumann-full-IL1-BL3-TRIAL10.json,31409380,/export/data01/scratch2/mohan227/multiscale_pinn/pinn_history/pinn-history-2d-alloy-neumann-reduced-IL1-BL3-TRIAL10.json,31449199
1,3,True,1,/export/data01/scratch2/mohan227/multiscale_pinn/pinn_history/pinn-history-2d-alloy-neumann-full-IL1-BL3-RESET-TRIAL1.json,31408771,/export/data01/scratch2/mohan227/multiscale_pinn/pinn_history/pinn-history-2d-alloy-neumann-reduced-IL1-BL3-RESET-TRIAL1.json,31441251
1,3,True,2,/export/data01/scratch2/mohan227/multiscale_pinn/pinn_history/pinn-history-2d-alloy-neumann-full-IL1-BL3-RESET-TRIAL2.json,31411385,/export/data01/scratch2/mohan227/multiscale_pinn/pinn_history/pinn-history-2d-alloy-neumann-reduced-IL1-BL3-RESET-TRIAL2.json,31434081
1,3,True,3,/export/data01/scratch2/mohan227/multiscale_pinn/pinn_history/pinn-history-2d-alloy-neumann-full-IL1-BL3-RESET-TRIAL3.json,31411669,/export/data01/scratch2/mohan227/multiscale_pinn/pinn_history/pinn-history-2d-alloy-neumann-reduced-IL1-BL3-RESET-TRIAL3.json,31430767
1,3,True,4,/export/data01/scratch2/mohan227/multiscale_pinn/pinn_history/pinn-history-2d-alloy-neumann-full-IL1-BL3-RESET-TRIAL4.json,31410176,/export/data01/scratch2/mohan227/multiscale_pinn/pinn_history/pinn-history-2d-alloy-neumann-reduced-IL1-BL3-RESET-TRIAL4.json,31357352
1,3,True,5,/export/data01/scratch2/mohan227/multiscale_pinn/pinn_history/pinn-history-2d-alloy-neumann-full-IL1-BL3-RESET-TRIAL5.json,31413231,/export/data01/scratch2/mohan227/multiscale_pinn/pinn_history/pinn-history-2d-alloy-neumann-reduced-IL1-BL3-RESET-TRIAL5.json,31437037
1,3,True,6,/export/data01/scratch2/mohan227/multiscale_pinn/pinn_history/pinn-history-2d-alloy-neumann-full-IL1-BL3-RESET-TRIAL6.json,31409360,/export/data01/scratch2/mohan227/multiscale_pinn/pinn_history/pinn-history-2d-alloy-neumann-reduced-IL1-BL3-RESET-TRIAL6.json,31337366
1,3,True,7,/export/data01/scratch2/mohan227/multiscale_pinn/pinn_history/pinn-history-2d-alloy-neumann-full-IL1-BL3-RESET-TRIAL7.json,31412253,/export/data01/scratch2/mohan227/multiscale_pinn/pinn_history/pinn-history-2d-alloy-neumann-reduced-IL1-BL3-RESET-TRIAL7.json,31421138
1,3,True,8,/export/data01/scratch2/mohan227/multiscale_pinn/pinn_history/pinn-history-2d-alloy-neumann-full-IL1-BL3-RESET-TRIAL8.json,31411796,/export/data01/scratch2/mohan227/multiscale_pinn/pinn_history/pinn-history-2d-alloy-neumann-reduced-IL1-BL3-RESET-TRIAL8.json,31435817
1,3,True,9,/export/data01/scratch2/mohan227/multiscale_pinn/pinn_history/pinn-history-2d-alloy-neumann-full-IL1-BL3-RESET-TRIAL9.json,31411101,/export/data01/scratch2/mohan227/multiscale_pinn/pinn_history/pinn-history-2d-alloy-neumann-reduced-IL1-BL3-RESET-TRIAL9.json,31437770
1,3,True,10,/export/data01/scratch2/mohan227/multiscale_pinn/pinn_history/pinn-history-2d-alloy-neumann-full-IL1-BL3-RESET-TRIAL10.json,31408663,/export/data01/scratch2/mohan227/multiscale_pinn/pinn_history/pinn-history-2d-alloy-neumann-reduced-IL1-BL3-RESET-TRIAL10.json,31440594
2,1,False,1,/export/data01/scratch2/mohan227/multiscale_pinn/pinn_history/pinn-history-2d-alloy-neumann-full-IL2-BL1-TRIAL1.json,31408796,/export/data01/scratch2/mohan227/multiscale_pinn/pinn_history/pinn-history-2d-alloy-neumann-reduced-IL2-BL1-TRIAL1.json,31401962
2,1,False,2,/export/data01/scratch2/mohan227/multiscale_pinn/pinn_history/pinn-history-2d-alloy-neumann-full-IL2-BL1-TRIAL2.json,31409405,/export/data01/scratch2/mohan227/multiscale_pinn/pinn_history/pinn-history-2d-alloy-neumann-reduced-IL2-BL1-TRIAL2.json,31423727
2,1,False,3,/export/data01/scratch2/mohan227/multiscale_pinn/pinn_history/pinn-history-2d-alloy-neumann-full-IL2-BL1-TRIAL3.json,31406258,/export/data01/scratch2/mohan227/multiscale_pinn/pinn_history/pinn-history-2d-alloy-neumann-reduced-IL2-BL1-TRIAL3.json,31419537
2,1,False,4,/export/data01/scratch2/mohan227/multiscale_pinn/pinn_history/pinn-history-2d-alloy-neumann-full-IL2-BL1-TRIAL4.json,31408672,/export/data01/scratch2/mohan227/multiscale_pinn/pinn_history/pinn-history-2d-alloy-neumann-reduced-IL2-BL1-TRIAL4.json,31425034
2,1,False,5,/export/data01/scratch2/mohan227/multiscale_pinn/pinn_history/pinn-history-2d-alloy-neumann-full-IL2-BL1-TRIAL5.json,31410067,/export/data01/scratch2/mohan227/multiscale_pinn/pinn_history/pinn-history-2d-alloy-neumann-reduced-IL2-BL1-TRIAL5.json,31411083
2,1,False,6,/export/data01/scratch2/mohan227/multiscale_pinn/pinn_history/pinn-history-2d-alloy-neumann-full-IL2-BL1-TRIAL6.json,31407808,/export/data01/scratch2/mohan227/multiscale_pinn/pinn_history/pinn-history-2d-alloy-neumann-reduced-IL2-BL1-TRIAL6.json,31422834
2,1,False,7,/export/data01/scratch2/mohan227/multiscale_pinn/pinn_history/pinn-history-2d-alloy-neumann-full-IL2-BL1-TRIAL7.json,31412808,/export/data01/scratch2/mohan227/multiscale_pinn/pinn_history/pinn-history-2d-alloy-neumann-reduced-IL2-BL1-TRIAL7.json,31418404
2,1,False,8,/export/data01/scratch2/mohan227/multiscale_pinn/pinn_history/pinn-history-2d-alloy-neumann-full-IL2-BL1-TRIAL8.json,31409945,/export/data01/scratch2/mohan227/multiscale_pinn/pinn_history/pinn-history-2d-alloy-neumann-reduced-IL2-BL1-TRIAL8.json,31417216
2,1,False,9,/export/data01/scratch2/mohan227/multiscale_pinn/pinn_history/pinn-history-2d-alloy-neumann-full-IL2-BL1-TRIAL9.json,31407823,/export/data01/scratch2/mohan227/multiscale_pinn/pinn_history/pinn-history-2d-alloy-neumann-reduced-IL2-BL1-TRIAL9.json,31422728
2,1,False,10,/export/data01/scratch2/mohan227/multiscale_pinn/pinn_history/pinn-history-2d-alloy-neumann-full-IL2-BL1-TRIAL10.json,31410348,/export/data01/scratch2/mohan227/multiscale_pinn/pinn_history/pinn-history-2d-alloy-neumann-reduced-IL2-BL1-TRIAL10.json,31428438
2,1,True,1,/export/data01/scratch2/mohan227/multiscale_pinn/pinn_history/pinn-history-2d-alloy-neumann-full-IL2-BL1-RESET-TRIAL1.json,31409933,/export/data01/scratch2/mohan227/multiscale_pinn/pinn_history/pinn-history-2d-alloy-neumann-reduced-IL2-BL1-RESET-TRIAL1.json,31273196
2,1,True,2,/export/data01/scratch2/mohan227/multiscale_pinn/pinn_history/pinn-history-2d-alloy-neumann-full-IL2-BL1-RESET-TRIAL2.json,31411754,/export/data01/scratch2/mohan227/multiscale_pinn/pinn_history/pinn-history-2d-alloy-neumann-reduced-IL2-BL1-RESET-TRIAL2.json,31430996
2,1,True,3,/export/data01/scratch2/mohan227/multiscale_pinn/pinn_history/pinn-history-2d-alloy-neumann-full-IL2-BL1-RESET-TRIAL3.json,31409219,/export/data01/scratch2/mohan227/multiscale_pinn/pinn_history/pinn-history-2d-alloy-neumann-reduced-IL2-BL1-RESET-TRIAL3.json,31278200
2,1,True,4,/export/data01/scratch2/mohan227/multiscale_pinn/pinn_history/pinn-history-2d-alloy-neumann-full-IL2-BL1-RESET-TRIAL4.json,31413213,/export/data01/scratch2/mohan227/multiscale_pinn/pinn_history/pinn-history-2d-alloy-neumann-reduced-IL2-BL1-RESET-TRIAL4.json,31360213
2,1,True,5,/export/data01/scratch2/mohan227/multiscale_pinn/pinn_history/pinn-history-2d-alloy-neumann-full-IL2-BL1-RESET-TRIAL5.json,31411335,/export/data01/scratch2/mohan227/multiscale_pinn/pinn_history/pinn-history-2d-alloy-neumann-reduced-IL2-BL1-RESET-TRIAL5.json,31167023
2,1,True,6,/export/data01/scratch2/mohan227/multiscale_pinn/pinn_history/pinn-history-2d-alloy-neumann-full-IL2-BL1-RESET-TRIAL6.json,31413335,/export/data01/scratch2/mohan227/multiscale_pinn/pinn_history/pinn-history-2d-alloy-neumann-reduced-IL2-BL1-RESET-TRIAL6.json,31427599
2,1,True,7,/export/data01/scratch2/mohan227/multiscale_pinn/pinn_history/pinn-history-2d-alloy-neumann-full-IL2-BL1-RESET-TRIAL7.json,31413196,/export/data01/scratch2/mohan227/multiscale_pinn/pinn_history/pinn-history-2d-alloy-neumann-reduced-IL2-BL1-RESET-TRIAL7.json,31313047
2,1,True,8,/export/data01/scratch2/mohan227/multiscale_pinn/pinn_history/pinn-history-2d-alloy-neumann-full-IL2-BL1-RESET-TRIAL8.json,31412925,/export/data01/scratch2/mohan227/multiscale_pinn/pinn_history/pinn-history-2d-alloy-neumann-reduced-IL2-BL1-RESET-TRIAL8.json,31274606
2,1,True,9,/export/data01/scratch2/mohan227/multiscale_pinn/pinn_history/pinn-history-2d-alloy-neumann-full-IL2-BL1-RESET-TRIAL9.json,31409996,/export/data01/scratch2/mohan227/multiscale_pinn/pinn_history/pinn-history-2d-alloy-neumann-reduced-IL2-BL1-RESET-TRIAL9.json,31108148
2,1,True,10,/export/data01/scratch2/mohan227/multiscale_pinn/pinn_history/pinn-history-2d-alloy-neumann-full-IL2-BL1-RESET-TRIAL10.json,31413176,/export/data01/scratch2/mohan227/multiscale_pinn/pinn_history/pinn-history-2d-alloy-neumann-reduced-IL2-BL1-RESET-TRIAL10.json,31296247
2,2,False,1,/export/data01/scratch2/mohan227/multiscale_pinn/pinn_history/pinn-history-2d-alloy-neumann-full-IL2-BL2-TRIAL1.json,31412770,/export/data01/scratch2/mohan227/multiscale_pinn/pinn_history/pinn-history-2d-alloy-neumann-reduced-IL2-BL2-TRIAL1.json,31427123
2,2,False,2,/export/data01/scratch2/mohan227/multiscale_pinn/pinn_history/pinn-history-2d-alloy-neumann-full-IL2-BL2-TRIAL2.json,31409739,/export/data01/scratch2/mohan227/multiscale_pinn/pinn_history/pinn-history-2d-alloy-neumann-reduced-IL2-BL2-TRIAL2.json,31424621
2,2,False,3,/export/data01/scratch2/mohan227/multiscale_pinn/pinn_history/pinn-history-2d-alloy-neumann-full-IL2-BL2-TRIAL3.json,31407058,/export/data01/scratch2/mohan227/multiscale_pinn/pinn_history/pinn-history-2d-alloy-neumann-reduced-IL2-BL2-TRIAL3.json,31308948
2,2,False,4,/export/data01/scratch2/mohan227/multiscale_pinn/pinn_history/pinn-history-2d-alloy-neumann-full-IL2-BL2-TRIAL4.json,31406594,/export/data01/scratch2/mohan227/multiscale_pinn/pinn_history/pinn-history-2d-alloy-neumann-reduced-IL2-BL2-TRIAL4.json,31350593
2,2,False,5,/export/data01/scratch2/mohan227/multiscale_pinn/pinn_history/pinn-history-2d-alloy-neumann-full-IL2-BL2-TRIAL5.json,31406577,/export/data01/scratch2/mohan227/multiscale_pinn/pinn_history/pinn-history-2d-alloy-neumann-reduced-IL2-BL2-TRIAL5.json,31416851
2,2,False,6,/export/data01/scratch2/mohan227/multiscale_pinn/pinn_history/pinn-history-2d-alloy-neumann-full-IL2-BL2-TRIAL6.json,31409935,/export/data01/scratch2/mohan227/multiscale_pinn/pinn_history/pinn-history-2d-alloy-neumann-reduced-IL2-BL2-TRIAL6.json,31423823
2,2,False,7,/export/data01/scratch2/mohan227/multiscale_pinn/pinn_history/pinn-history-2d-alloy-neumann-full-IL2-BL2-TRIAL7.json,31405527,/export/data01/scratch2/mohan227/multiscale_pinn/pinn_history/pinn-history-2d-alloy-neumann-reduced-IL2-BL2-TRIAL7.json,31427196
2,2,False,8,/export/data01/scratch2/mohan227/multiscale_pinn/pinn_history/pinn-history-2d-alloy-neumann-full-IL2-BL2-TRIAL8.json,31407006,/export/data01/scratch2/mohan227/multiscale_pinn/pinn_history/pinn-history-2d-alloy-neumann-reduced-IL2-BL2-TRIAL8.json,31426233
2,2,False,9,/export/data01/scratch2/mohan227/multiscale_pinn/pinn_history/pinn-history-2d-alloy-neumann-full-IL2-BL2-TRIAL9.json,31407448,/export/data01/scratch2/mohan227/multiscale_pinn/pinn_history/pinn-history-2d-alloy-neumann-reduced-IL2-BL2-TRIAL9.json,31304057
2,2,False,10,/export/data01/scratch2/mohan227/multiscale_pinn/pinn_history/pinn-history-2d-alloy-neumann-full-IL2-BL2-TRIAL10.json,31410399,/export/data01/scratch2/mohan227/multiscale_pinn/pinn_history/pinn-history-2d-alloy-neumann-reduced-IL2-BL2-TRIAL10.json,31265857
2,2,True,1,/export/data01/scratch2/mohan227/multiscale_pinn/pinn_history/pinn-history-2d-alloy-neumann-full-IL2-BL2-RESET-TRIAL1.json,31409485,/export/data01/scratch2/mohan227/multiscale_pinn/pinn_history/pinn-history-2d-alloy-neumann-reduced-IL2-BL2-RESET-TRIAL1.json,31151334
2,2,True,2,/export/data01/scratch2/mohan227/multiscale_pinn/pinn_history/pinn-history-2d-alloy-neumann-full-IL2-BL2-RESET-TRIAL2.json,31407773,/export/data01/scratch2/mohan227/multiscale_pinn/pinn_history/pinn-history-2d-alloy-neumann-reduced-IL2-BL2-RESET-TRIAL2.json,31422666
2,2,True,3,/export/data01/scratch2/mohan227/multiscale_pinn/pinn_history/pinn-history-2d-alloy-neumann-full-IL2-BL2-RESET-TRIAL3.json,31411957,/export/data01/scratch2/mohan227/multiscale_pinn/pinn_history/pinn-history-2d-alloy-neumann-reduced-IL2-BL2-RESET-TRIAL3.json,31138950
2,2,True,4,/export/data01/scratch2/mohan227/multiscale_pinn/pinn_history/pinn-history-2d-alloy-neumann-full-IL2-BL2-RESET-TRIAL4.json,31412075,/export/data01/scratch2/mohan227/multiscale_pinn/pinn_history/pinn-history-2d-alloy-neumann-reduced-IL2-BL2-RESET-TRIAL4.json,31426212
2,2,True,5,/export/data01/scratch2/mohan227/multiscale_pinn/pinn_history/pinn-history-2d-alloy-neumann-full-IL2-BL2-RESET-TRIAL5.json,31410064,/export/data01/scratch2/mohan227/multiscale_pinn/pinn_history/pinn-history-2d-alloy-neumann-reduced-IL2-BL2-RESET-TRIAL5.json,31115114
2,2,True,6,/export/data01/scratch2/mohan227/multiscale_pinn/pinn_history/pinn-history-2d-alloy-neumann-full-IL2-BL2-RESET-TRIAL6.json,31411303,/export/data01/scratch2/mohan227/multiscale_pinn/pinn_history/pinn-history-2d-alloy-neumann-reduced-IL2-BL2-RESET-TRIAL6.json,31216139
2,2,True,7,/export/data01/scratch2/mohan227/multiscale_pinn/pinn_history/pinn-history-2d-alloy-neumann-full-IL2-BL2-RESET-TRIAL7.json,31410876,/export/data01/scratch2/mohan227/multiscale_pinn/pinn_history/pinn-history-2d-alloy-neumann-reduced-IL2-BL2-RESET-TRIAL7.json,31164665
2,2,True,8,/export/data01/scratch2/mohan227/multiscale_pinn/pinn_history/pinn-history-2d-alloy-neumann-full-IL2-BL2-RESET-TRIAL8.json,31410592,/export/data01/scratch2/mohan227/multiscale_pinn/pinn_history/pinn-history-2d-alloy-neumann-reduced-IL2-BL2-RESET-TRIAL8.json,31425389
2,2,True,9,/export/data01/scratch2/mohan227/multiscale_pinn/pinn_history/pinn-history-2d-alloy-neumann-full-IL2-BL2-RESET-TRIAL9.json,31412294,/export/data01/scratch2/mohan227/multiscale_pinn/pinn_history/pinn-history-2d-alloy-neumann-reduced-IL2-BL2-RESET-TRIAL9.json,31432238
2,2,True,10,/export/data01/scratch2/mohan227/multiscale_pinn/pinn_history/pinn-history-2d-alloy-neumann-full-IL2-BL2-RESET-TRIAL10.json,31414543,/export/data01/scratch2/mohan227/multiscale_pinn/pinn_history/pinn-history-2d-alloy-neumann-reduced-IL2-BL2-RESET-TRIAL10.json,31161094
2,3,False,1,/export/data01/scratch2/mohan227/multiscale_pinn/pinn_history/pinn-history-2d-alloy-neumann-full-IL2-BL3-TRIAL1.json,31408829,/export/data01/scratch2/mohan227/multiscale_pinn/pinn_history/pinn-history-2d-alloy-neumann-reduced-IL2-BL3-TRIAL1.json,31428938
2,3,False,2,/export/data01/scratch2/mohan227/multiscale_pinn/pinn_history/pinn-history-2d-alloy-neumann-full-IL2-BL3-TRIAL2.json,31409056,/export/data01/scratch2/mohan227/multiscale_pinn/pinn_history/pinn-history-2d-alloy-neumann-reduced-IL2-BL3-TRIAL2.json,31358546
2,3,False,3,/export/data01/scratch2/mohan227/multiscale_pinn/pinn_history/pinn-history-2d-alloy-neumann-full-IL2-BL3-TRIAL3.json,31407494,/export/data01/scratch2/mohan227/multiscale_pinn/pinn_history/pinn-history-2d-alloy-neumann-reduced-IL2-BL3-TRIAL3.json,31417157
2,3,False,4,/export/data01/scratch2/mohan227/multiscale_pinn/pinn_history/pinn-history-2d-alloy-neumann-full-IL2-BL3-TRIAL4.json,31406764,/export/data01/scratch2/mohan227/multiscale_pinn/pinn_history/pinn-history-2d-alloy-neumann-reduced-IL2-BL3-TRIAL4.json,31417549
2,3,False,5,/export/data01/scratch2/mohan227/multiscale_pinn/pinn_history/pinn-history-2d-alloy-neumann-full-IL2-BL3-TRIAL5.json,31405536,/export/data01/scratch2/mohan227/multiscale_pinn/pinn_history/pinn-history-2d-alloy-neumann-reduced-IL2-BL3-TRIAL5.json,31420657
2,3,False,6,/export/data01/scratch2/mohan227/multiscale_pinn/pinn_history/pinn-history-2d-alloy-neumann-full-IL2-BL3-TRIAL6.json,31408855,/export/data01/scratch2/mohan227/multiscale_pinn/pinn_history/pinn-history-2d-alloy-neumann-reduced-IL2-BL3-TRIAL6.json,31426587
2,3,False,7,/export/data01/scratch2/mohan227/multiscale_pinn/pinn_history/pinn-history-2d-alloy-neumann-full-IL2-BL3-TRIAL7.json,31411070,/export/data01/scratch2/mohan227/multiscale_pinn/pinn_history/pinn-history-2d-alloy-neumann-reduced-IL2-BL3-TRIAL7.json,31425210
2,3,False,8,/export/data01/scratch2/mohan227/multiscale_pinn/pinn_history/pinn-history-2d-alloy-neumann-full-IL2-BL3-TRIAL8.json,31406620,/export/data01/scratch2/mohan227/multiscale_pinn/pinn_history/pinn-history-2d-alloy-neumann-reduced-IL2-BL3-TRIAL8.json,31420148
2,3,False,9,/export/data01/scratch2/mohan227/multiscale_pinn/pinn_history/pinn-history-2d-alloy-neumann-full-IL2-BL3-TRIAL9.json,31411089,/export/data01/scratch2/mohan227/multiscale_pinn/pinn_history/pinn-history-2d-alloy-neumann-reduced-IL2-BL3-TRIAL9.json,31206293
2,3,False,10,/export/data01/scratch2/mohan227/multiscale_pinn/pinn_history/pinn-history-2d-alloy-neumann-full-IL2-BL3-TRIAL10.json,31409821,/export/data01/scratch2/mohan227/multiscale_pinn/pinn_history/pinn-history-2d-alloy-neumann-reduced-IL2-BL3-TRIAL10.json,31141941
2,3,True,1,/export/data01/scratch2/mohan227/multiscale_pinn/pinn_history/pinn-history-2d-alloy-neumann-full-IL2-BL3-RESET-TRIAL1.json,31410422,/export/data01/scratch2/mohan227/multiscale_pinn/pinn_history/pinn-history-2d-alloy-neumann-reduced-IL2-BL3-RESET-TRIAL1.json,31437359
2,3,True,2,/export/data01/scratch2/mohan227/multiscale_pinn/pinn_history/pinn-history-2d-alloy-neumann-full-IL2-BL3-RESET-TRIAL2.json,31410891,/export/data01/scratch2/mohan227/multiscale_pinn/pinn_history/pinn-history-2d-alloy-neumann-reduced-IL2-BL3-RESET-TRIAL2.json,31420239
2,3,True,3,/export/data01/scratch2/mohan227/multiscale_pinn/pinn_history/pinn-history-2d-alloy-neumann-full-IL2-BL3-RESET-TRIAL3.json,31410163,/export/data01/scratch2/mohan227/multiscale_pinn/pinn_history/pinn-history-2d-alloy-neumann-reduced-IL2-BL3-RESET-TRIAL3.json,31429309
2,3,True,4,/export/data01/scratch2/mohan227/multiscale_pinn/pinn_history/pinn-history-2d-alloy-neumann-full-IL2-BL3-RESET-TRIAL4.json,31408956,/export/data01/scratch2/mohan227/multiscale_pinn/pinn_history/pinn-history-2d-alloy-neumann-reduced-IL2-BL3-RESET-TRIAL4.json,31426865
2,3,True,5,/export/data01/scratch2/mohan227/multiscale_pinn/pinn_history/pinn-history-2d-alloy-neumann-full-IL2-BL3-RESET-TRIAL5.json,31410917,/export/data01/scratch2/mohan227/multiscale_pinn/pinn_history/pinn-history-2d-alloy-neumann-reduced-IL2-BL3-RESET-TRIAL5.json,31105277
2,3,True,6,/export/data01/scratch2/mohan227/multiscale_pinn/pinn_history/pinn-history-2d-alloy-neumann-full-IL2-BL3-RESET-TRIAL6.json,31412687,/export/data01/scratch2/mohan227/multiscale_pinn/pinn_history/pinn-history-2d-alloy-neumann-reduced-IL2-BL3-RESET-TRIAL6.json,31429585
2,3,True,7,/export/data01/scratch2/mohan227/multiscale_pinn/pinn_history/pinn-history-2d-alloy-neumann-full-IL2-BL3-RESET-TRIAL7.json,31409705,/export/data01/scratch2/mohan227/multiscale_pinn/pinn_history/pinn-history-2d-alloy-neumann-reduced-IL2-BL3-RESET-TRIAL7.json,31431435
2,3,True,8,/export/data01/scratch2/mohan227/multiscale_pinn/pinn_history/pinn-history-2d-alloy-neumann-full-IL2-BL3-RESET-TRIAL8.json,31410828,/export/data01/scratch2/mohan227/multiscale_pinn/pinn_history/pinn-history-2d-alloy-neumann-reduced-IL2-BL3-RESET-TRIAL8.json,31409198
2,3,True,9,/export/data01/scratch2/mohan227/multiscale_pinn/pinn_history/pinn-history-2d-alloy-neumann-full-IL2-BL3-RESET-TRIAL9.json,31411185,/export/data01/scratch2/mohan227/multiscale_pinn/pinn_history/pinn-history-2d-alloy-neumann-reduced-IL2-BL3-RESET-TRIAL9.json,31424930
2,3,True,10,/export/data01/scratch2/mohan227/multiscale_pinn/pinn_history/pinn-history-2d-alloy-neumann-full-IL2-BL3-RESET-TRIAL10.json,31410723,/export/data01/scratch2/mohan227/multiscale_pinn/pinn_history/pinn-history-2d-alloy-neumann-reduced-IL2-BL3-RESET-TRIAL10.json,31152706
3,1,False,1,/export/data01/scratch2/mohan227/multiscale_pinn/pinn_history/pinn-history-2d-alloy-neumann-full-IL3-BL1-TRIAL1.json,31411591,/export/data01/scratch2/mohan227/multiscale_pinn/pinn_history/pinn-history-2d-alloy-neumann-reduced-IL3-BL1-TRIAL1.json,31424655
3,1,False,2,/export/data01/scratch2/mohan227/multiscale_pinn/pinn_history/pinn-history-2d-alloy-neumann-full-IL3-BL1-TRIAL2.json,31406321,/export/data01/scratch2/mohan227/multiscale_pinn/pinn_history/pinn-history-2d-alloy-neumann-reduced-IL3-BL1-TRIAL2.json,31383718
3,1,False,3,/export/data01/scratch2/mohan227/multiscale_pinn/pinn_history/pinn-history-2d-alloy-neumann-full-IL3-BL1-TRIAL3.json,31408298,/export/data01/scratch2/mohan227/multiscale_pinn/pinn_history/pinn-history-2d-alloy-neumann-reduced-IL3-BL1-TRIAL3.json,31427582
3,1,False,4,/export/data01/scratch2/mohan227/multiscale_pinn/pinn_history/pinn-history-2d-alloy-neumann-full-IL3-BL1-TRIAL4.json,31408095,/export/data01/scratch2/mohan227/multiscale_pinn/pinn_history/pinn-history-2d-alloy-neumann-reduced-IL3-BL1-TRIAL4.json,31424304
3,1,False,5,/export/data01/scratch2/mohan227/multiscale_pinn/pinn_history/pinn-history-2d-alloy-neumann-full-IL3-BL1-TRIAL5.json,31410228,/export/data01/scratch2/mohan227/multiscale_pinn/pinn_history/pinn-history-2d-alloy-neumann-reduced-IL3-BL1-TRIAL5.json,31427028
3,1,False,6,/export/data01/scratch2/mohan227/multiscale_pinn/pinn_history/pinn-history-2d-alloy-neumann-full-IL3-BL1-TRIAL6.json,31404959,/export/data01/scratch2/mohan227/multiscale_pinn/pinn_history/pinn-history-2d-alloy-neumann-reduced-IL3-BL1-TRIAL6.json,31425982
3,1,False,7,/export/data01/scratch2/mohan227/multiscale_pinn/pinn_history/pinn-history-2d-alloy-neumann-full-IL3-BL1-TRIAL7.json,31416497,/export/data01/scratch2/mohan227/multiscale_pinn/pinn_history/pinn-history-2d-alloy-neumann-reduced-IL3-BL1-TRIAL7.json,31429769
3,1,False,8,/export/data01/scratch2/mohan227/multiscale_pinn/pinn_history/pinn-history-2d-alloy-neumann-full-IL3-BL1-TRIAL8.json,31414433,/export/data01/scratch2/mohan227/multiscale_pinn/pinn_history/pinn-history-2d-alloy-neumann-reduced-IL3-BL1-TRIAL8.json,31428548
3,1,False,9,/export/data01/scratch2/mohan227/multiscale_pinn/pinn_history/pinn-history-2d-alloy-neumann-full-IL3-BL1-TRIAL9.json,31411862,/export/data01/scratch2/mohan227/multiscale_pinn/pinn_history/pinn-history-2d-alloy-neumann-reduced-IL3-BL1-TRIAL9.json,31423100
3,1,False,10,/export/data01/scratch2/mohan227/multiscale_pinn/pinn_history/pinn-history-2d-alloy-neumann-full-IL3-BL1-TRIAL10.json,31408816,/export/data01/scratch2/mohan227/multiscale_pinn/pinn_history/pinn-history-2d-alloy-neumann-reduced-IL3-BL1-TRIAL10.json,31429961
3,1,True,1,/export/data01/scratch2/mohan227/multiscale_pinn/pinn_history/pinn-history-2d-alloy-neumann-full-IL3-BL1-RESET-TRIAL1.json,31414885,/export/data01/scratch2/mohan227/multiscale_pinn/pinn_history/pinn-history-2d-alloy-neumann-reduced-IL3-BL1-RESET-TRIAL1.json,31422469
3,1,True,2,/export/data01/scratch2/mohan227/multiscale_pinn/pinn_history/pinn-history-2d-alloy-neumann-full-IL3-BL1-RESET-TRIAL2.json,31411434,/export/data01/scratch2/mohan227/multiscale_pinn/pinn_history/pinn-history-2d-alloy-neumann-reduced-IL3-BL1-RESET-TRIAL2.json,31232172
3,1,True,3,/export/data01/scratch2/mohan227/multiscale_pinn/pinn_history/pinn-history-2d-alloy-neumann-full-IL3-BL1-RESET-TRIAL3.json,31409053,/export/data01/scratch2/mohan227/multiscale_pinn/pinn_history/pinn-history-2d-alloy-neumann-reduced-IL3-BL1-RESET-TRIAL3.json,31436413
3,1,True,4,/export/data01/scratch2/mohan227/multiscale_pinn/pinn_history/pinn-history-2d-alloy-neumann-full-IL3-BL1-RESET-TRIAL4.json,31411412,/export/data01/scratch2/mohan227/multiscale_pinn/pinn_history/pinn-history-2d-alloy-neumann-reduced-IL3-BL1-RESET-TRIAL4.json,31379158
3,1,True,5,/export/data01/scratch2/mohan227/multiscale_pinn/pinn_history/pinn-history-2d-alloy-neumann-full-IL3-BL1-RESET-TRIAL5.json,31410537,/export/data01/scratch2/mohan227/multiscale_pinn/pinn_history/pinn-history-2d-alloy-neumann-reduced-IL3-BL1-RESET-TRIAL5.json,31433702
3,1,True,6,/export/data01/scratch2/mohan227/multiscale_pinn/pinn_history/pinn-history-2d-alloy-neumann-full-IL3-BL1-RESET-TRIAL6.json,31410421,/export/data01/scratch2/mohan227/multiscale_pinn/pinn_history/pinn-history-2d-alloy-neumann-reduced-IL3-BL1-RESET-TRIAL6.json,31420006
3,1,True,7,/export/data01/scratch2/mohan227/multiscale_pinn/pinn_history/pinn-history-2d-alloy-neumann-full-IL3-BL1-RESET-TRIAL7.json,31410997,/export/data01/scratch2/mohan227/multiscale_pinn/pinn_history/pinn-history-2d-alloy-neumann-reduced-IL3-BL1-RESET-TRIAL7.json,31326581
3,1,True,8,/export/data01/scratch2/mohan227/multiscale_pinn/pinn_history/pinn-history-2d-alloy-neumann-full-IL3-BL1-RESET-TRIAL8.json,31413323,/export/data01/scratch2/mohan227/multiscale_pinn/pinn_history/pinn-history-2d-alloy-neumann-reduced-IL3-BL1-RESET-TRIAL8.json,31433001
3,1,True,9,/export/data01/scratch2/mohan227/multiscale_pinn/pinn_history/pinn-history-2d-alloy-neumann-full-IL3-BL1-RESET-TRIAL9.json,31412249,/export/data01/scratch2/mohan227/multiscale_pinn/pinn_history/pinn-history-2d-alloy-neumann-reduced-IL3-BL1-RESET-TRIAL9.json,31431967
3,1,True,10,/export/data01/scratch2/mohan227/multiscale_pinn/pinn_history/pinn-history-2d-alloy-neumann-full-IL3-BL1-RESET-TRIAL10.json,31411477,/export/data01/scratch2/mohan227/multiscale_pinn/pinn_history/pinn-history-2d-alloy-neumann-reduced-IL3-BL1-RESET-TRIAL10.json,31432866
3,2,False,1,/export/data01/scratch2/mohan227/multiscale_pinn/pinn_history/pinn-history-2d-alloy-neumann-full-IL3-BL2-TRIAL1.json,31412491,/export/data01/scratch2/mohan227/multiscale_pinn/pinn_history/pinn-history-2d-alloy-neumann-reduced-IL3-BL2-TRIAL1.json,31429069
3,2,False,2,/export/data01/scratch2/mohan227/multiscale_pinn/pinn_history/pinn-history-2d-alloy-neumann-full-IL3-BL2-TRIAL2.json,31403998,/export/data01/scratch2/mohan227/multiscale_pinn/pinn_history/pinn-history-2d-alloy-neumann-reduced-IL3-BL2-TRIAL2.json,31425050
3,2,False,3,/export/data01/scratch2/mohan227/multiscale_pinn/pinn_history/pinn-history-2d-alloy-neumann-full-IL3-BL2-TRIAL3.json,31408346,/export/data01/scratch2/mohan227/multiscale_pinn/pinn_history/pinn-history-2d-alloy-neumann-reduced-IL3-BL2-TRIAL3.json,31401956
3,2,False,4,/export/data01/scratch2/mohan227/multiscale_pinn/pinn_history/pinn-history-2d-alloy-neumann-full-IL3-BL2-TRIAL4.json,31420710,/export/data01/scratch2/mohan227/multiscale_pinn/pinn_history/pinn-history-2d-alloy-neumann-reduced-IL3-BL2-TRIAL4.json,31418622
3,2,False,5,/export/data01/scratch2/mohan227/multiscale_pinn/pinn_history/pinn-history-2d-alloy-neumann-full-IL3-BL2-TRIAL5.json,31411345,/export/data01/scratch2/mohan227/multiscale_pinn/pinn_history/pinn-history-2d-alloy-neumann-reduced-IL3-BL2-TRIAL5.json,31231962
3,2,False,6,/export/data01/scratch2/mohan227/multiscale_pinn/pinn_history/pinn-history-2d-alloy-neumann-full-IL3-BL2-TRIAL6.json,31407006,/export/data01/scratch2/mohan227/multiscale_pinn/pinn_history/pinn-history-2d-alloy-neumann-reduced-IL3-BL2-TRIAL6.json,31423592
3,2,False,7,/export/data01/scratch2/mohan227/multiscale_pinn/pinn_history/pinn-history-2d-alloy-neumann-full-IL3-BL2-TRIAL7.json,31411954,/export/data01/scratch2/mohan227/multiscale_pinn/pinn_history/pinn-history-2d-alloy-neumann-reduced-IL3-BL2-TRIAL7.json,31346962
3,2,False,8,/export/data01/scratch2/mohan227/multiscale_pinn/pinn_history/pinn-history-2d-alloy-neumann-full-IL3-BL2-TRIAL8.json,31410009,/export/data01/scratch2/mohan227/multiscale_pinn/pinn_history/pinn-history-2d-alloy-neumann-reduced-IL3-BL2-TRIAL8.json,31427166
3,2,False,9,/export/data01/scratch2/mohan227/multiscale_pinn/pinn_history/pinn-history-2d-alloy-neumann-full-IL3-BL2-TRIAL9.json,31407730,/export/data01/scratch2/mohan227/multiscale_pinn/pinn_history/pinn-history-2d-alloy-neumann-reduced-IL3-BL2-TRIAL9.json,31427854
3,2,False,10,/export/data01/scratch2/mohan227/multiscale_pinn/pinn_history/pinn-history-2d-alloy-neumann-full-IL3-BL2-TRIAL10.json,31407392,/export/data01/scratch2/mohan227/multiscale_pinn/pinn_history/pinn-history-2d-alloy-neumann-reduced-IL3-BL2-TRIAL10.json,31432413
3,2,True,1,/export/data01/scratch2/mohan227/multiscale_pinn/pinn_history/pinn-history-2d-alloy-neumann-full-IL3-BL2-RESET-TRIAL1.json,31409079,/export/data01/scratch2/mohan227/multiscale_pinn/pinn_history/pinn-history-2d-alloy-neumann-reduced-IL3-BL2-RESET-TRIAL1.json,31379903
3,2,True,2,/export/data01/scratch2/mohan227/multiscale_pinn/pinn_history/pinn-history-2d-alloy-neumann-full-IL3-BL2-RESET-TRIAL2.json,31410633,/export/data01/scratch2/mohan227/multiscale_pinn/pinn_history/pinn-history-2d-alloy-neumann-reduced-IL3-BL2-RESET-TRIAL2.json,31417403
3,2,True,3,/export/data01/scratch2/mohan227/multiscale_pinn/pinn_history/pinn-history-2d-alloy-neumann-full-IL3-BL2-RESET-TRIAL3.json,31412558,/export/data01/scratch2/mohan227/multiscale_pinn/pinn_history/pinn-history-2d-alloy-neumann-reduced-IL3-BL2-RESET-TRIAL3.json,31220270
3,2,True,4,/export/data01/scratch2/mohan227/multiscale_pinn/pinn_history/pinn-history-2d-alloy-neumann-full-IL3-BL2-RESET-TRIAL4.json,31410590,/export/data01/scratch2/mohan227/multiscale_pinn/pinn_history/pinn-history-2d-alloy-neumann-reduced-IL3-BL2-RESET-TRIAL4.json,31178206
3,2,True,5,/export/data01/scratch2/mohan227/multiscale_pinn/pinn_history/pinn-history-2d-alloy-neumann-full-IL3-BL2-RESET-TRIAL5.json,31411183,/export/data01/scratch2/mohan227/multiscale_pinn/pinn_history/pinn-history-2d-alloy-neumann-reduced-IL3-BL2-RESET-TRIAL5.json,31431382
3,2,True,6,/export/data01/scratch2/mohan227/multiscale_pinn/pinn_history/pinn-history-2d-alloy-neumann-full-IL3-BL2-RESET-TRIAL6.json,31408465,/export/data01/scratch2/mohan227/multiscale_pinn/pinn_history/pinn-history-2d-alloy-neumann-reduced-IL3-BL2-RESET-TRIAL6.json,31218424
3,2,True,7,/export/data01/scratch2/mohan227/multiscale_pinn/pinn_history/pinn-history-2d-alloy-neumann-full-IL3-BL2-RESET-TRIAL7.json,31408513,/export/data01/scratch2/mohan227/multiscale_pinn/pinn_history/pinn-history-2d-alloy-neumann-reduced-IL3-BL2-RESET-TRIAL7.json,31439292
3,2,True,8,/export/data01/scratch2/mohan227/multiscale_pinn/pinn_history/pinn-history-2d-alloy-neumann-full-IL3-BL2-RESET-TRIAL8.json,31410809,/export/data01/scratch2/mohan227/multiscale_pinn/pinn_history/pinn-history-2d-alloy-neumann-reduced-IL3-BL2-RESET-TRIAL8.json,31216104
3,2,True,9,/export/data01/scratch2/mohan227/multiscale_pinn/pinn_history/pinn-history-2d-alloy-neumann-full-IL3-BL2-RESET-TRIAL9.json,31410337,/export/data01/scratch2/mohan227/multiscale_pinn/pinn_history/pinn-history-2d-alloy-neumann-reduced-IL3-BL2-RESET-TRIAL9.json,31433496
3,2,True,10,/export/data01/scratch2/mohan227/multiscale_pinn/pinn_history/pinn-history-2d-alloy-neumann-full-IL3-BL2-RESET-TRIAL10.json,31410878,/export/data01/scratch2/mohan227/multiscale_pinn/pinn_history/pinn-history-2d-alloy-neumann-reduced-IL3-BL2-RESET-TRIAL10.json,31425129
3,3,False,1,/export/data01/scratch2/mohan227/multiscale_pinn/pinn_history/pinn-history-2d-alloy-neumann-full-IL3-BL3-TRIAL1.json,31405272,/export/data01/scratch2/mohan227/multiscale_pinn/pinn_history/pinn-history-2d-alloy-neumann-reduced-IL3-BL3-TRIAL1.json,31426689
3,3,False,2,/export/data01/scratch2/mohan227/multiscale_pinn/pinn_history/pinn-history-2d-alloy-neumann-full-IL3-BL3-TRIAL2.json,31410449,/export/data01/scratch2/mohan227/multiscale_pinn/pinn_history/pinn-history-2d-alloy-neumann-reduced-IL3-BL3-TRIAL2.json,31320596
3,3,False,3,/export/data01/scratch2/mohan227/multiscale_pinn/pinn_history/pinn-history-2d-alloy-neumann-full-IL3-BL3-TRIAL3.json,31410644,/export/data01/scratch2/mohan227/multiscale_pinn/pinn_history/pinn-history-2d-alloy-neumann-reduced-IL3-BL3-TRIAL3.json,31257404
3,3,False,4,/export/data01/scratch2/mohan227/multiscale_pinn/pinn_history/pinn-history-2d-alloy-neumann-full-IL3-BL3-TRIAL4.json,31406503,/export/data01/scratch2/mohan227/multiscale_pinn/pinn_history/pinn-history-2d-alloy-neumann-reduced-IL3-BL3-TRIAL4.json,31176624
3,3,False,5,/export/data01/scratch2/mohan227/multiscale_pinn/pinn_history/pinn-history-2d-alloy-neumann-full-IL3-BL3-TRIAL5.json,31410861,/export/data01/scratch2/mohan227/multiscale_pinn/pinn_history/pinn-history-2d-alloy-neumann-reduced-IL3-BL3-TRIAL5.json,31433106
3,3,False,6,/export/data01/scratch2/mohan227/multiscale_pinn/pinn_history/pinn-history-2d-alloy-neumann-full-IL3-BL3-TRIAL6.json,31407533,/export/data01/scratch2/mohan227/multiscale_pinn/pinn_history/pinn-history-2d-alloy-neumann-reduced-IL3-BL3-TRIAL6.json,31259293
3,3,False,7,/export/data01/scratch2/mohan227/multiscale_pinn/pinn_history/pinn-history-2d-alloy-neumann-full-IL3-BL3-TRIAL7.json,31404477,/export/data01/scratch2/mohan227/multiscale_pinn/pinn_history/pinn-history-2d-alloy-neumann-reduced-IL3-BL3-TRIAL7.json,31273804
3,3,False,8,/export/data01/scratch2/mohan227/multiscale_pinn/pinn_history/pinn-history-2d-alloy-neumann-full-IL3-BL3-TRIAL8.json,31408661,/export/data01/scratch2/mohan227/multiscale_pinn/pinn_history/pinn-history-2d-alloy-neumann-reduced-IL3-BL3-TRIAL8.json,31312951
3,3,False,9,/export/data01/scratch2/mohan227/multiscale_pinn/pinn_history/pinn-history-2d-alloy-neumann-full-IL3-BL3-TRIAL9.json,31409453,/export/data01/scratch2/mohan227/multiscale_pinn/pinn_history/pinn-history-2d-alloy-neumann-reduced-IL3-BL3-TRIAL9.json,31226548
3,3,False,10,/export/data01/scratch2/mohan227/multiscale_pinn/pinn_history/pinn-history-2d-alloy-neumann-full-IL3-BL3-TRIAL10.json,31409944,/export/data01/scratch2/mohan227/multiscale_pinn/pinn_history/pinn-history-2d-alloy-neumann-reduced-IL3-BL3-TRIAL10.json,31376425
3,3,True,1,/export/data01/scratch2/mohan227/multiscale_pinn/pinn_history/pinn-history-2d-alloy-neumann-full-IL3-BL3-RESET-TRIAL1.json,31409954,/export/data01/scratch2/mohan227/multiscale_pinn/pinn_history/pinn-history-2d-alloy-neumann-reduced-IL3-BL3-RESET-TRIAL1.json,31431273
3,3,True,2,/export/data01/scratch2/mohan227/multiscale_pinn/pinn_history/pinn-history-2d-alloy-neumann-full-IL3-BL3-RESET-TRIAL2.json,31408943,/export/data01/scratch2/mohan227/multiscale_pinn/pinn_history/pinn-history-2d-alloy-neumann-reduced-IL3-BL3-RESET-TRIAL2.json,31430461
3,3,True,3,/export/data01/scratch2/mohan227/multiscale_pinn/pinn_history/pinn-history-2d-alloy-neumann-full-IL3-BL3-RESET-TRIAL3.json,31412416,/export/data01/scratch2/mohan227/multiscale_pinn/pinn_history/pinn-history-2d-alloy-neumann-reduced-IL3-BL3-RESET-TRIAL3.json,31069773
3,3,True,4,/export/data01/scratch2/mohan227/multiscale_pinn/pinn_history/pinn-history-2d-alloy-neumann-full-IL3-BL3-RESET-TRIAL4.json,31409704,/export/data01/scratch2/mohan227/multiscale_pinn/pinn_history/pinn-history-2d-alloy-neumann-reduced-IL3-BL3-RESET-TRIAL4.json,31266438
3,3,True,5,/export/data01/scratch2/mohan227/multiscale_pinn/pinn_history/pinn-history-2d-alloy-neumann-full-IL3-BL3-RESET-TRIAL5.json,31408857,/export/data01/scratch2/mohan227/multiscale_pinn/pinn_history/pinn-history-2d-alloy-neumann-reduced-IL3-BL3-RESET-TRIAL5.json,31172523
3,3,True,6,/export/data01/scratch2/mohan227/multiscale_pinn/pinn_history/pinn-history-2d-alloy-neumann-full-IL3-BL3-RESET-TRIAL6.json,31412288,/export/data01/scratch2/mohan227/multiscale_pinn/pinn_history/pinn-history-2d-alloy-neumann-reduced-IL3-BL3-RESET-TRIAL6.json,31435285
3,3,True,7,/export/data01/scratch2/mohan227/multiscale_pinn/pinn_history/pinn-history-2d-alloy-neumann-full-IL3-BL3-RESET-TRIAL7.json,31410258,/export/data01/scratch2/mohan227/multiscale_pinn/pinn_history/pinn-history-2d-alloy-neumann-reduced-IL3-BL3-RESET-TRIAL7.json,31432581
3,3,True,8,/export/data01/scratch2/mohan227/multiscale_pinn/pinn_history/pinn-history-2d-alloy-neumann-full-IL3-BL3-RESET-TRIAL8.json,31410324,/export/data01/scratch2/mohan227/multiscale_pinn/pinn_history/pinn-history-2d-alloy-neumann-reduced-IL3-BL3-RESET-TRIAL8.json,31159208
3,3,True,9,/export/data01/scratch2/mohan227/multiscale_pinn/pinn_history/pinn-history-2d-alloy-neumann-full-IL3-BL3-RESET-TRIAL9.json,31411239,/export/data01/scratch2/mohan227/multiscale_pinn/pinn_history/pinn-history-2d-alloy-neumann-reduced-IL3-BL3-RESET-TRIAL9.json,31074690
3,3,True,10,/export/data01/scratch2/mohan227/multiscale_pinn/pinn_history/pinn-history-2d-alloy-neumann-full-IL3-BL3-RESET-TRIAL10.json,31411341,/export/data01/scratch2/mohan227/multiscale_pinn/pinn_history/pinn-history-2d-alloy-neumann-reduced-IL3-BL3-RESET-TRIAL10.json,31162279
